version,page_size,run,sql_query_count,latency_ms,num_results
naive,10,1,11,16.63,10
naive,10,2,11,14.23,10
naive,10,3,11,12.58,10
naive,10,4,11,12.75,10
naive,10,5,11,19.97,10
naive,10,6,11,16.9,10
naive,10,7,11,17.84,10
naive,10,8,11,14.52,10
naive,10,9,11,11.35,10
naive,10,10,11,11.03,10
naive,10,11,11,12.44,10
naive,10,12,11,12.04,10
naive,10,13,11,11.41,10
naive,10,14,11,11.57,10
naive,10,15,11,12.1,10
naive,10,16,11,11.99,10
naive,10,17,11,12.12,10
naive,10,18,11,12.42,10
naive,10,19,11,12.1,10
naive,10,20,11,11.33,10
naive,10,21,11,11.18,10
naive,10,22,11,12.2,10
naive,10,23,11,11.08,10
naive,10,24,11,11.74,10
naive,10,25,11,11.85,10
naive,10,26,11,11.46,10
naive,10,27,11,11.06,10
naive,10,28,11,11.17,10
naive,10,29,11,11.88,10
naive,10,30,11,10.92,10
naive,50,1,51,37.86,50
naive,50,2,51,38.62,50
naive,50,3,51,36.75,50
naive,50,4,51,41.83,50
naive,50,5,51,37.91,50
naive,50,6,51,35.54,50
naive,50,7,51,36.55,50
naive,50,8,51,38.47,50
naive,50,9,51,37.56,50
naive,50,10,51,37.87,50
naive,50,11,51,38.56,50
naive,50,12,51,41.18,50
naive,50,13,51,37.13,50
naive,50,14,51,36.59,50
naive,50,15,51,37.85,50
naive,50,16,51,36.07,50
naive,50,17,51,36.21,50
naive,50,18,51,35.88,50
naive,50,19,51,35.29,50
naive,50,20,51,48.57,50
naive,50,21,51,40.21,50
naive,50,22,51,35.58,50
naive,50,23,51,37.12,50
naive,50,24,51,37.16,50
naive,50,25,51,35.86,50
naive,50,26,51,37.56,50
naive,50,27,51,35.66,50
naive,50,28,51,35.88,50
naive,50,29,51,44.74,50
naive,50,30,51,43.08,50
naive,200,1,201,164.62,200
naive,200,2,201,152.6,200
naive,200,3,201,222.08,200
naive,200,4,201,230.62,200
naive,200,5,201,216.03,200
naive,200,6,201,190.76,200
naive,200,7,201,197.17,200
naive,200,8,201,182.88,200
naive,200,9,201,182.67,200
naive,200,10,201,175.97,200
naive,200,11,201,191.63,200
naive,200,12,201,215.13,200
naive,200,13,201,167.32,200
naive,200,14,201,165.68,200
naive,200,15,201,165.24,200
naive,200,16,201,168.34,200
naive,200,17,201,164.48,200
naive,200,18,201,173.15,200
naive,200,19,201,212.39,200
naive,200,20,201,198.5,200
naive,200,21,201,169.29,200
naive,200,22,201,162.96,200
naive,200,23,201,167.17,200
naive,200,24,201,171.03,200
naive,200,25,201,166.92,200
naive,200,26,201,167.49,200
naive,200,27,201,185.8,200
naive,200,28,201,187.75,200
naive,200,29,201,190.07,200
naive,200,30,201,166.01,200
fixed,10,1,2,10.87,10
fixed,10,2,2,9.1,10
fixed,10,3,2,8.2,10
fixed,10,4,2,8.78,10
fixed,10,5,2,8.12,10
fixed,10,6,2,7.88,10
fixed,10,7,2,7.66,10
fixed,10,8,2,7.99,10
fixed,10,9,2,7.8,10
fixed,10,10,2,8.21,10
fixed,10,11,2,7.76,10
fixed,10,12,2,8.06,10
fixed,10,13,2,7.82,10
fixed,10,14,2,13.15,10
fixed,10,15,2,9.08,10
fixed,10,16,2,9.96,10
fixed,10,17,2,9.48,10
fixed,10,18,2,9.28,10
fixed,10,19,2,10.06,10
fixed,10,20,2,10.78,10
fixed,10,21,2,10.62,10
fixed,10,22,2,7.82,10
fixed,10,23,2,7.5,10
fixed,10,24,2,7.76,10
fixed,10,25,2,7.22,10
fixed,10,26,2,7.41,10
fixed,10,27,2,8.37,10
fixed,10,28,2,7.96,10
fixed,10,29,2,8.18,10
fixed,10,30,2,7.75,10
fixed,50,1,2,19.02,50
fixed,50,2,2,9.8,50
fixed,50,3,2,11.78,50
fixed,50,4,2,10.83,50
fixed,50,5,2,10.47,50
fixed,50,6,2,10.56,50
fixed,50,7,2,9.94,50
fixed,50,8,2,9.95,50
fixed,50,9,2,10.28,50
fixed,50,10,2,9.71,50
fixed,50,11,2,9.92,50
fixed,50,12,2,9.89,50
fixed,50,13,2,9.63,50
fixed,50,14,2,9.67,50
fixed,50,15,2,9.53,50
fixed,50,16,2,10.04,50
fixed,50,17,2,9.73,50
fixed,50,18,2,9.94,50
fixed,50,19,2,9.25,50
fixed,50,20,2,10.52,50
fixed,50,21,2,9.87,50
fixed,50,22,2,9.85,50
fixed,50,23,2,9.61,50
fixed,50,24,2,9.79,50
fixed,50,25,2,9.59,50
fixed,50,26,2,9.77,50
fixed,50,27,2,10.03,50
fixed,50,28,2,10.14,50
fixed,50,29,2,9.6,50
fixed,50,30,2,10.1,50
fixed,200,1,2,14.44,200
fixed,200,2,2,18.57,200
fixed,200,3,2,14.92,200
fixed,200,4,2,13.82,200
fixed,200,5,2,13.8,200
fixed,200,6,2,13.05,200
fixed,200,7,2,13.18,200
fixed,200,8,2,12.87,200
fixed,200,9,2,13.36,200
fixed,200,10,2,14.63,200
fixed,200,11,2,15.71,200
fixed,200,12,2,14.83,200
fixed,200,13,2,15.41,200
fixed,200,14,2,14.4,200
fixed,200,15,2,49.94,200
fixed,200,16,2,13.94,200
fixed,200,17,2,13.03,200
fixed,200,18,2,13.89,200
fixed,200,19,2,13.83,200
fixed,200,20,2,14.42,200
fixed,200,21,2,14.66,200
fixed,200,22,2,14.36,200
fixed,200,23,2,15.02,200
fixed,200,24,2,15.08,200
fixed,200,25,2,13.9,200
fixed,200,26,2,14.87,200
fixed,200,27,2,15.22,200
fixed,200,28,2,14.31,200
fixed,200,29,2,14.94,200
fixed,200,30,2,15.41,200
